{"config": [{"class_name": "Dense", "config": {"output_dim": 32, "W_regularizer": null, "init": "glorot_uniform", "b_constraint": null, "activity_regularizer": null, "activation": "relu", "W_constraint": null, "input_dim": 1, "trainable": true, "batch_input_shape": [null, 50, 100, 1], "input_dtype": "float32", "bias": true, "name": "dense_1", "b_regularizer": null}}, {"class_name": "Dropout", "config": {"trainable": true, "name": "dropout_1", "p": 0.5}}, {"class_name": "Dense", "config": {"output_dim": 64, "W_regularizer": null, "init": "glorot_uniform", "b_constraint": null, "activity_regularizer": null, "activation": "relu", "W_constraint": null, "input_dim": 32, "trainable": true, "bias": true, "name": "dense_2", "b_regularizer": null}}, {"class_name": "Dropout", "config": {"trainable": true, "name": "dropout_2", "p": 0.5}}, {"class_name": "Flatten", "config": {"trainable": true, "name": "flatten_1"}}, {"class_name": "Dense", "config": {"output_dim": 5, "W_regularizer": null, "init": "glorot_uniform", "b_constraint": null, "activity_regularizer": null, "activation": "relu", "W_constraint": null, "input_dim": 320000, "trainable": true, "bias": true, "name": "dense_3", "b_regularizer": null}}, {"class_name": "Activation", "config": {"trainable": true, "name": "activation_1", "activation": "softmax"}}], "keras_version": "1.2.2", "class_name": "Sequential"}